<wpml-config>
    <admin-texts>
        <key name="_wc_cs_approved_credits_label"/>
        <key name="_wc_cs_available_credits_label"/>
        <key name="_wc_cs_total_outstanding_amount_label"/>
        <key name="_wc_cs_last_bill_amount_label"/>
        <key name="_wc_cs_last_bill_date_label"/>
        <key name="_wc_cs_due_date_label"/>
        <key name="_wc_cs_last_payment_date_label"/>
        <key name="_wc_cs_next_billing_date_label"/>
        <key name="_wc_cs_make_payment_label"/>
        <key name="_wc_cs_view_unbilled_transactions_label"/>
        <key name="_wc_cs_view_statements_label"/>
        <key name="_wc_cs_select_period_label"/>
        <key name="_wc_cs_view_statements_link_label"/>
        <key name="_wc_cs_statement_date_label"/>
        <key name="_wc_cs_due_date_label"/>
        <key name="_wc_cs_payable_amount_label"/>
        <key name="_wc_cs_pay_label"/>
        <key name="_wc_cs_credit_app_submitted_message"/>
        <key name="_wc_cs_credit_app_onhold_message"/>
        <key name="_wc_cs_credit_app_rejected_message"/>
        <key name="_wc_cs_complete_funds_addition_message"/>
        <key name="_wc_cs_after_receiving_credits_notice"/>
        <key name="_wc_cs_before_receiving_credits_notice"/>
        <key name="_wc_cs_invalid_user_dashboard_access_message"/>
        <key name="_wc_cs_complete_repayment_message"/>
        <key name="_wc_cs_cannot_add_funds_message"/>
        <key name="_wc_cs_funds_addition_in_cart_message"/>
        <key name="_wc_cs_previous_cart_removed_while_adding_funds_message"/>
        <key name="_wc_cs_cannot_make_repayment_message"/>
        <key name="_wc_cs_repayment_in_cart_message"/>
        <key name="_wc_cs_while_preparing_to_add_funds_message"/>
        <key name="_wc_cs_while_preparing_to_repay_message"/>
        <key name="_wc_cs_invalid_amount_to_add_funds_message"/>
        <key name="_wc_cs_funds_addition_coupon_usage_message"/>
        <key name="_wc_cs_funds_addition_amount_message"/>
        <key name="_wc_cs_funds_addition_range_message"/>
        <key name="_wc_cs_min_amount_for_funds_addition_message"/>
        <key name="_wc_cs_max_amount_for_funds_addition_message"/>        
    </admin-texts>
</wpml-config>
